LANGUAGE, English,
STRM_briefing_name,Takistan Life: Xtreme,
STRM_mission_description,Life RPG created by the Arma 2 Community,
STRS_hints_vehicle_information,VEHICLE INFORMATION:\n\nName: %4\nType: %1\ndirection: %2Â°\nHeight ASL: %3m\nDriver: %5\nFree Cargo: %6\nlength: %7m,
STRS_functions_crimelog_msg12,Speeding,
STRS_anfang_laden,Loading.....\nPlease Wait,
STRS_anfang_02,"Welcome to Takistan Life: Xtreme \n\n ALL vehicles enabled, STAT SAVE enabled\n\n RADAR, CAPTURE POINTS, AND MORE\n\n\n READ THE RULES BEFORE PLAYING. BREAKING RULES = KICK/BAN",
STRS_anfang_03,"There is a Civil War in Takistan \n\n Independents can kill Opfor and Blufor on sight \n\n Blufor and Opfor may not kill each other until War is declared \n\n They can conduct covert operations in their respective territories to kidnap, but may not kill while over the border",
STRS_anfang_04,Do NOT kill unarmed civilians! \n\n Ne les tuez pas des civils desarmes! \n\n No mate a civiles desarmados!,
STRS_anfang_05_civ,Do NOT teamkill! \n\n Ne tuez pas votre propre equipe! \n\n No mate a su propio equipo!,
STRS_anfang_05_cop,Racial slurs are prohibited here and will result in a BAN. \n\n Foul language and heated arguments are OK. \n\n Racist harassment of other players is NOT.,
STRS_anfang_cop_loadout,Loading your variable information....,
STRS_anfang_06,"Game guide, rules, Teamspeak Info, and changelog on the map tabs.\n\nPlease be helpful to new players and don't grief.\n\nThis is a roleplaying server.",
STRS_check_civ_in_terrorbase,You entered the Terror-Camp.,
STRS_southChernarus_area,You do not have jurisdiction in this area. Turn around!,
STRS_prohibited_area,Turn around,
STRS_verbotene_zone_teleport,You entered a prohibited area and have been teleported back to your respawn area.,
STRS_hunger_verhungern,You are starving.,
STRS_arbeiter_in_copbase,One of your Workers was too close to the Policebase,
STRS_arbeiter_in_terrorbase,One of your Workers was too close to the Terror-base,
STRS_dead_player_is_dead_civ,You are dead,
STRS_dead_player_is_dead_cop,You are dead,
STRS_slave_zuviele,You can't buy any more slaves!!,
STRS_slave_nomoney,You can't afford a slave...Maybe you should be a slave!.,
STRS_slave_gekauft," ""%1"," you have bought a slave for $%2. Take him to a workplace and he will earn you money."" "
STRS_slave_moneyaction,Take the profit this slave has made you.,
STRS_slave_tot,One of your slaves has died! Protect them in future!,
STRS_slave_geldabnahme_ja,This slave has earned you $%1.,
STRS_slave_geldabnahme_nein,This slave has no money!! Useless!.,
STRS_arbeiter_gekauft,"%1, a new worker is on your team. You paid $%2. Bring him to a workplace in order to let him earn some money.",
STRS_arbeiter_moneyaction,Take money from your worker.,
STRS_arbeiter_tot,A worker in your team died.,
STRS_arbeiter_geldabnahme_ja,You got $%1 from the worker.,
STRS_arbeiter_geldabnahme_nein,The worker currently does not have any money.,
STRS_arbeiter_meister,This worker works for %1.,
STRS_arbeiter_copaction,Who do you work for?,
STRS_arbeiter_zuviele,You can't buy another worker because you have already reached the limit.,
STRS_arbeiter_nomoney,You can't afford a worker. Come back later.,
STRS_inventar_beschreibung_bankversicherung,Bank Insurance stops you from losing any money when someone robs the bank. Each time the bank is robbed a single Bank Insurance will be used up. Owning 2 Bank Insurances will mean that you do not lose any money the next 2 times the Bank is robbed.,
STRS_dead_menuentry_hints,Stats,
STRS_dead_menuentry_inventar,Inventory,
STRS_dead_menuentry_animation,Animations,
STRS_addAction_copstorage1,private Storage,
STRS_addAction_copstorage2,public Storage,
STRS_addaction_freecam,Satellite Cam,
STRS_addaction_defuse,Defuse bomb,
STRS_addaction_bank_license,Buy bank insurance $%1,
STRS_addaction_civcammenu,Open Civcam,
STRS_addAction_copmenu,Open Cop Menu,
STRS_addAction_copmenulite,On-foot Cop Menu,
STRS_addaction_jailcam,Jailcam,
STRS_addaction_buy_drugs,Open Drug-Buy Menu,
STRS_addaction_sell_drugs,Sell Drugs,
STRS_addaction_weather,Weather Forecast,
STRS_addaction_shootingrange,Shooting Range $%1,
STRS_addaction_prisonrelease,Wanted/Prison Menu,
STRS_addaction_bail,Pay Bail,
STRS_addaction_buy_worker,Hire Worker $%1,
STRS_addaction_buy_slave,Purchase a Slave for $%1,
STRS_addaction_buy_hideout,Hideout shopping Menu,
STRS_addaction_race_join,Join Street Race $%1,
STRS_addaction_buy_shop,Buy %1 for $%2,
STRS_addaction_buy_rank,Bribe Deputy Chief of Police to get a cut in the %1 for $%2,
STRS_addaction_switch_copmarker,Switch Cop-marker on/off,
STRS_addaction_radio_on,Switch Radio On/Off,
STRS_addaction_vehicleinfo,Vehicle information,
STRS_addaction_courierjob,Get a Courier Job!,
STRS_addaction_hideout_addon1,Hideout: Medic Add-on $%1,
STRS_addaction_hideout_addon2,Hideout: Teleport Add-on $%1,
STRS_addaction_hideout_addon3,Hideout: On-line Banking Add-on $%1,
STRS_addaction_hideout_addon4,Repair Hideout $%1,
STRS_addaction_hideout_addon5,Lock Hideout,
STRS_addaction_hideout_healaddon_use,Heal,
STRS_addaction_hideout_bankaddon_use,On-line Banking,
STRS_addaction_hideout_ablage,Hideout Storage,
STRS_addAction_bank_balance,Account Balance,
STRS_addAction_bank_dialog,Bank Menu,
STRS_addaction_civmenu,Interaction %1 (%2),
STRS_addaction_restrainciv,Restrain %1 (%2),
STRS_action_hideoutowner,Show Hideout Owner,
STRS_addaction_gildenmenu,Gang Menu,
STRD_description_gildegruenden_hinweis," ""Note: The Name MUST NOT contain quotes! Creation fee is $200,000. If you leave and rejoin the game you must rejoin the gang (there is no join fee). The gang will be deleted after 15 minutes if there are no members in the gang.""",
STRD_description_gildegruenden_hinweis_squad," ""Note: The Name MUST NOT contain quotes! Creation fee is $100,000. If you leave and rejoin the game you must rejoin the squad (there is no join fee). The squad will be deleted after 15 minutes if there are no members in the squad.""",
STRD_description_gildeverwalten_sperren_submit," ""Update!""",
STRD_description_gildeverwalten_sperren_header," ""Join allowed?""",
STRS_addaction_removesperre,Remove Roadblock/Spikestrip,
STRS_addaction_sirene,Siren On/Off,
STRS_addaction_lightbar,Lights On/Off,
STRS_addaction_lock,Lock/Unlock,
STRS_addaction_crimelog,Crime Log,
STRS_addaction_trunk,Trunk,
STRS_addaction_trunk_see,View Trunk,
STRS_addaction_trunk_check,Search Vehicle,
STRS_camciv_nomoney,Civ cam has been removed.,
STRS_civcam_notwanted,You are watching %1. He is not wanted.,
STRS_civcam_wanted,You are watching %1. He is wanted.,
STRS_civmenu_stehlen_copzunah,You can't steal anything as a cop is near.,
STRS_civmenu_stehlen,You are stealing money from that player! Please wait five seconds to get the money.,
STRS_civmenu_distance,You are either too far away from the Civ or he is dead,
STRS_civmenu_wantedbonus,That was a wanted person. You get a bonus of $%1,
STRS_civmenu_kopfgeld,On this person there were a bounty of $%1,
STRS_civmenu_hasnodrugs,The civ does not have any drugs.,
STRS_civmenu_hasdrugs,"%1 had drugs, you removed them. You should jail %1 for %2 minutes or give him a ticket of $%3. ",
STRS_civmenu_disarm,You disarmed %1!.,
STRS_civmenu_buy_disarm_nomoney,You can't afford the removal of weapons.,
STRS_civmenu_disarm_notarmed,The player is not armed.,
STRS_civmenu_arrested,Arresting %1...,
STRS_civmenu_ticketinuse,You made a mistake while writing the ticket,
STRS_civmenu_gaveticket,You gave %1 a ticket of $%2.,
STRS_civmenu_didpayticket,%1 paid the ticket of $%2.,
STRS_civmenu_didpaynothing,%1 chose not to pay the ticket.,
STRS_civmenu_ticket_globalchat,%3 gave a ticket of $%2 to %1,
STRS_civmenu_didnotpayticket,%1 did not have enough money to pay the ticket of $%2,
STRS_civmenu_youdidnotpay,You did not pay the ticket.,
STRS_civmenu_copnotarmed,You are not armed. You need a weapon for this action.,
STRS_civmenu_heal,You healed %1-%2.,
STRS_civmenu_panic,PANIC BUTTON FOR %1 ACTIVATED.,
STRS_inventory_checknohands,The Civ does not have his hands up and is not stunned!,
STRS_inventory_checkstring,His Licenses:\n\nHandgunlicense: %1\nRiflelicense: %2\nHeavygunlicense: %3\nSniperriflelicense: %4\n\nCarlicense: %5\nPickuplicense: %6\nTrucklicense: %7\nArmoredlicense: %8\nBoatlicense: %9\nAirlicense: %10\nOillicense: %11\nTobaccolicense: %12\nAlcohollicense: %13\n\nBuilderlicense: %14\n\nPassportlicense: %15\n\nBodyGuardlicense: %16\n\nIllegal Objects - Amount:\n\n%17,
STRS_civmenucheck_beendisarmed,You have been disarmed.,
STRS_civmenucheck_beendrugsearched,Your drugs have been removed.,
STRS_civmenucheck_ticketrest,You still owe the Cops $%1,
STRS_civmenucheck_ticketself,You paid a ticket of $%1.,
STRS_civmenucheck_youarehealed,You were healed by %2-%3,
STRS_civmenucheck_removeddrugs,A cop found your drugs and removed them.,
STRS_civmenucheck_haddrugs,%1 had $%2 worth of drugs!,
STRS_civmenucheck_arrested_self,You have been arrested for %1 Minutes. After that you will be teleported out. You can board a chopper to escape.,
STRS_civmenucheck_arrested_global,%1 was arrested by %2 for %3 minute(s),
STRS_civmenucheck_free_global,%1 is free again,
STRS_civmenucheck_free_self,You are free now. Don't do anything wrong or you will be arrested again.,
STRS_civmenucheck_breakout,%1 has escaped from jail,
STRS_civmenucheck_stolen,You have stolen $%1 from that civ!,
STRS_civmenucheck_stolenpub,Someone is stealing from %1!,
STRS_dialogcivmenu_arrest,Arrest for %1 min(s),
STRS_dialogcivmenu_ticket,Ticket  $%1,
STRS_dialogandere_bankdialog_you,You,
STRS_dialogandere_gilden_keinleader,You are not the Leader of a gang so you can't use this menu,
STRS_dialogandere_itemshop,Your current Money is $%1,
STRS_moneh_countdown,%1 Minute(s) until next Paycheck.,
STRS_moneh_were,were,
STRS_moneh_nowere,were not,
STRS_moneh_unimsg,Because of your University Training you have earned $%1 extra.,
STRS_moneh_hideoutextramoney,Because of your Hideout you got additional $%1.,
STRS_moneh_civmoneyadd,"%1, you received a paycheck of $%2.",
STRS_moneh_copmoneyadd,"%1, you received a paycheck of $%2.",
STRS_moneh_paycheckdead,You missed a paycheck because you are dead.,
STRD_description_onloadintro,Zargabad Life 2,
STRD_description_onloadmission,Zargabad Life 2,
STRD_description_param1,Marker out of city,
STRD_description_time,TimeSkipInterval[Day|Night],
STRD_description_on,on,
STRD_description_off,off,
STRD_description_cancel,Cancel,
STRD_description_buyitem_close,Close,
STRD_description_submit,Submit,
STRD_description_weapon_submit,Buy this weapon!,
STRD_description_civcam_title,Zargabad Camera Systems,
STRD_description_civcam_chooseciv,Choose Civ:,
STRD_description_civcam_dauer,Duration:,
STRD_description_civcam_cost,Cost:,
STRD_description_civcam_submit,Watch him,
STRD_description_carshop_submit,Buy this Vehicle,
STRD_description_civmenu_disarm,Disarm,
STRD_description_civmenu_steal,Rob Inventory,
STRD_description_civmenu_drugs,Drug Search,
STRD_description_civmenu_arrest,Arrest,
STRD_description_civmenu_ticket,Ticket,
STRD_description_civmenu_heal,Heal this Civ,
STRD_description_civmenu_inventar,Check Inventory,
STRD_description_civmenu_header,Civ-menu,
STRD_description_wantedrelease_cost,Enter bounty:,
STRD_description_wantedrelease_setwantedmenu,Set Wanted Menu,
STRD_description_wantedrelease_prisonrelease_title,Release menu,
STRD_description_wantedrelease_submit,Set him free,
STRD_description_wantedrelease_submit_unwanted,Set him unwanted,
STRD_description_bail_pay,Pay bail,
STRD_description_bail_cost,Bail,
STRD_description_spielerinfo_header,Player Info,
STRD_description_spielerinfo_select,Select Player,
STRD_description_spielerinfo_name,Player Name:,
STRD_description_spielerinfo_deaths,Number of deaths:,
STRD_description_spielerinfo_wanted,Wanted:,
STRD_description_spielerinfo_kopfgeld,Bounty:,
STRD_description_bombenconfig_header,Speed Car-Bomb config,
STRD_description_bombenconfig_speed,Speed:,
STRD_description_bombenconfig_speed2,Duration:,
STRD_description_bombenconfig_plant,Plant Bomb,
STRD_description_zeitbombenconfig_header,Time Car-Bomb config,
STRD_description_zeitbombenconfig_zeit,Time:,
STRD_description_hideout_submit,Buy Hideout,
STRD_description_schluessel_header,Keys,
STRD_description_schluessel_wegwerfen,Throw Key away forever,
STRD_description_handy_title,Write SMS,
STRD_description_handy_cost,Cost: $%1,
STRD_description_handy_submit,Send,
STRD_description_itemmenu_title,Buy Items,
STRD_description_itemmenu_title2,Sell Items,
STRD_description_inventar_gewicht,Item Weight single/overall:,
STRD_description_spielerliste_header,Stats,
,,
,,
// Squads,,
STRD_description_squad_header,Squads,
STRD_description_squad_button_join,Join Squad,
STRD_description_squad_button_manage,Manage Squad,
STRD_description_squad_button_leave,Leave Squad,
STRD_description_squad_button_create,Create Squad,
STRD_description_squad_submit, Submit,
,,
STRD_description_squadmanage_header,Manage squad,
STRD_description_squadmanage_submit,Create!,
STRD_description_squadmanage_name,squad Name:,
STRD_description_squadmanage_manage,Manage squad,
STRD_description_squadmanage_rauswerfen_header,Kick Member,
STRD_description_squadmanage_rauswerfen_submit,Kick!,
,,
/////////////////,,
,,
//Gangs,,
,,
STRD_description_gildehauptmenu_header,Gangs,
STRD_description_gildehauptmenu_button_join,Join Gang,
STRD_description_gildehauptmenu_button_manage,Manage Gang,
STRD_description_gildehauptmenu_button_leave,Leave Gang,
STRD_description_gildehauptmenu_button_create,Create Gang,
,,
STRD_description_gildegruenden_header,Create a new Gang,
STRD_description_gildegruenden_submit,Create!,
STRD_description_gildegruenden_name,Gang Name:,
STRD_description_gildeverwalten_header,Manage Gang,
STRD_description_gildeverwalten_rauswerfen_header,Kick Member,
STRD_description_gildeverwalten_rauswerfen_submit,Kick!,
,,
/////////////,,
,,
,,
STRD_description_factory_manifacture_header,Factory,
STRD_description_factory_manifacture,Manufacture,
STRD_description_close,Close,
STRD_description_janein_header,Please confirm,
STRD_description_ja,Yes,
STRD_description_nein,No,
STRD_description_civmenu_ZipTie, Zip Tie,
STRD_janein_header,Please confirm,
STRD_stunned_dialogbutton,Stand up,
STRS_handlerdeadpub_civkilled,You killed %1! He wasn't wanted so you should pay $%2 to him in compensation.,
STRS_handlerdeadpub_kopfgeld_youkilled,You killed %1! He had a bounty of $%2,
STRS_handlerdeadpub_kopfgeld_kill,You killed a wanted civ and got $%1 as bonus.,
STRS_handlerdeadpub_copkilled,You killed %1! You are now wanted!,
STRS_handlerdeadpub_copkilledbycop,You Team-killed %1!,
STRS_handlerdeadpub_suicide,You committed suicide.,
STRS_konvoy_start,A supply truck is on its way to the police base.,
STRS_konvoy_arrived,The supply truck has reached the police base.,
STRS_konvoy_hijacked,The supply truck has been hijacked! The Driver is dead!,
STRS_konvoy_destroyed,The supply truck has been destroyed!,
STRS_konvoy_civarrived,The hijacked Convoy has reached the rebel hideout.,
STRS_Konvoymarker,Truck,
STRS_bankvanmarker,BankVan,
STRS_kopfgeld_kein_kopfgeld_entfernen,There's no bounty on his head.,
STRS_kopfgeld_entfernt,The bounty of %1 was removed. He is no longer wanted.,
STRS_kopfgeld_nokopfgeld,You currently can't set %1 wanted.,
STRS_kopfgeld_nomoney,You don't have enough money.,
STRS_kofpgeld_set,You set a bounty of $%2 on %1.,
STRS_kopfgeld_publicmsg,%1 sets a bounty of $%2 on Civ%3s head. That's a bounty of $%4 in total (The cop who arrests him will receive the bounty).,
STRS_kopfgeld_notself,You can't set yourself unwanted.,
STRS_switchedcopmarker,You turned cop-markers %1.,
STRS_Off,off,
STRS_On,on,
STRS_statdialog_playerinfo,P L A Y E R - I N F O:,
STRS_statdialog_playerlist,P L A Y E R S:,
STRS_statdialog_licenselist,L I C E N S E S:,
STRS_statdialog_other,O T H E R:,
STRS_statdialog_inventarlist,I N V E N T O R Y:,
STRS_statdialog_waffen,W E A P O N S:,
STRS_statdialog_magazine,M A G A Z I N E S:,
STRS_statdialog_gildenlist,G A N G S:,
STRS_statdialog_laws,L A W S:,
STRS_statdialog_regierung,G O V E R N M E N T:,
STRS_statdialog_chief,P O L I C E  C H I E F:,
STRS_statdialog_taxes,T A X E S:,
STRS_stat_regierung,Government Gang-ID:,
STRS_statdialog_money,Money,
STRS_statdialog_hunger,removed,
STRS_statdialog_thirst,removed,
STRS_statdialog_health,Health,
STRS_statdialog_speed,Speed,
STRS_statdialog_heigth,Height,
STRS_statdialog_weight,Weight,
STRS_statdialog_rolenumber,Role Number,
STRS_statdialog_copkills,Cops killed,
STRS_statdialog_civkills,Civs killed,
STRS_statdialog_selfkills,Suicides,
STRS_statdialog_deaths,Deaths,
STRS_statdialog_bounty,Bounty,
STRS_statdialog_bestrace,,
STRS_statdialog_racewon,,
STRS_statdialog_gilde,Gang,
STRS_statdialog_wanted,Wanted,
STRS_statdialog_kopfgeld,Bounty,
STRS_hints_ja,Yes,
STRS_hints_nein,No,
STRS_hints_keins,None,
STRS_hints_account_balance,You have %1$ on your Account.,
STRS_bail_addbail,You got $%1 because Civ%2 paid bail.,
STRS_bail_addconvoy,You got $%1 from the convoy.,
STRS_bail_payed,Civ%1 paid $%2 in bail,
STRS_bail_self,You paid $%1 bail.,
STRS_bail_cantpay,You do not have that much money.,
STRS_prison_notinprison,You can't release this Civ because he is not in prison.,
STRS_prison_freenow,The Civ is free now.,
STRS_pimp_vclsell_toofast,You are going too fast to sell the vehicle,
STRS_pimp_vclsell,You sold the vehicle for $%1.,
STRM_mission_marker_arbeiter,Worker,
STRM_mission_marker_rathaus,City Hall,
STRM_mission_marker_deliverypoint1,Delivery 1,
STRM_mission_marker_deliverypoint2,Delivery 2,
STRM_mission_marker_deliverypoint3,Delivery 3,
STRM_mission_marker_deliverypoint4,Delivery 4,
STRM_mission_marker_deliverypoint5,Delivery 5,
STRM_mission_marker_deliverypoint6,Delivery 6,
STRM_mission_marker_deliverypoint7,Delivery 7,
STRM_mission_marker_deliverypoint8,Delivery 8,
STRM_mission_marker_deliverypoint9,Delivery 9,
STRM_mission_marker_deliverypoint10,Delivery 10,
STRM_mission_marker_workplace1,Workplace 1,
STRM_mission_marker_workplace2,Workplace 2,
STRM_mission_marker_workplace3,Workplace 3,
STRM_mission_marker_terrorhideout,Rebel Hideout,
STRM_mission_marker_jail,Jail,
STRM_mission_marker_Heroindealer,Sell Heroin,
STRM_mission_marker_cocaindealer,Sell Cocaine,
STRM_mission_marker_marihuanadealer,Sell Marijuana,
STRM_mission_marker_lsddealer,Sell LSD,
STRM_mission_marker_lonelyisland,Just a lonely island,
STRM_mission_marker_racefinish,Race Finish,
STRM_mission_marker_racestart,Race Start,
STRM_mission_marker_atm,ATM,
STRM_mission_marker_shootingrange,Shooting Range,
STRM_mission_marker_refuelstation,Petrol Station,
STRM_mission_marker_policestation,Police Base,
STRM_mission_marker_headmoneylicense,Bounty-Hunter License,
STRM_mission_marker_antidoteshop,Virus Antidote Shop,
STRM_mission_marker_civhospital,Civ Hospital,
STRM_mission_marker_bank,Bank,
STRM_mission_marker_shop_1,Shop 1,
STRM_mission_marker_shop_2,Shop 2,
STRM_mission_marker_shop_3,Shop 3,
STRM_mission_marker_shop_air,Air-Vehicle shop,
STRM_mission_marker_shop_air_small,Sports Air-Vehicle shop,
STRM_mission_marker_shop_armored,Tank & Car shop,
STRM_mission_marker_shop_heavygun,Heavy-Weapon shop,
STRM_mission_marker_shop_boat,Boat shop,
STRM_mission_marker_shop_sniper,Sniper-Rifle shop,
STRM_mission_marker_shop_rifle,Rifle shop,
STRM_mission_marker_shop_pickup,Pick-up shop,
STRM_mission_marker_shop_truck,Truck shop,
STRM_mission_marker_shop_car,Car shop,
STRM_mission_marker_shop_handgun,Handgun shop,
STRM_mission_marker_shop_smg,SMG shop,
STRM_mission_marker_shop_equipment,Equipment shop,
STRM_mission_marker_sellcars,Sell Vehicles,
STRM_mission_marker_garage,Garage,
STRM_mission_drugbuyflag,Buy Drugs,
STRM_mission_marker_fishing,Fishing Area,
STRM_mission_marker_forest,Workplace Forest,
STRM_mission_marker_farming,Harvesting Area,
STRM_mission_marker_farmingsell,Sell harvest,
STRM_mission_marker_court,Court Construction Site,
STRM_mission_marker_jail_construction,Jail Construction Site,
STRM_mission_marker_bagango_shooting_range,Bagango Shooting Range,
STRM_mission_marker_factory_air,Air Vehicle Factory,
STRM_mission_gruen_fahne,Bases,
STRM_mission_blau_fahne,Shops,
STRM_mission_gelb_fahne,Hideout / Workplaces / Buyable Shops,
STRM_mission_rot_fahne,Illegal Activities,
STRM_mission_gruen_punkt,Bank / ATM,
STRM_mission_rot_punkt,Delivery Point,
STRM_mission_gelb_punkt,Street Race,
STRM_mission_weiss_punkt,Others,
STRM_mission_legende,Caption,
STRM_mission_legende_civmarker,Civ-marker,
STRM_mission_legende_civmarker2,Civ-marker (wanted),
STRM_mission_legende_copmarker,Cop-marker,
STRM_mission_legende_restaurante,Restaurant,
STRM_mission_marker_terrorvehicle,Rebel Vehicles,
STRS_license_car,Drivers License,
STRS_license_pickup,Pick-up License,
STRS_license_truck,Truck License,
STRS_license_boat,Boat License,
STRS_license_air,Air Vehicle License,
STRS_license_jet,Jet Pilots License,
STRS_license_kopfgeld,Bounty-Hunter License,
STRS_license_terror,Combat Training,
STRS_license_uni,University Exam,
STRS_license_bank,Bank Insurance,
STRS_license_bomb,Bomb Training,
STRS_license_lockpick,Lock Pick Training,
STRS_license_engineer,Engineer Training,
STRS_license_explosive,Explosives Training,
STRS_license_probator,Civ Shop Buy License,
STRS_license_coppatrol,Patrol Officer Training,
STRS_license_copresponse,Criminal Response Officer Training,
STRS_license_copairsupport,Air Support Officer Training,
STRS_license_copswat,SOBR Training,
STRS_license_adminlicense,Admin,
STRS_license_glassblowerlicense,Glass Blower Training,
STRS_license_pmc,PMC,
STRS_license_medic,Medical Training,
STRM_mission_marker_license1,Car/Pick-up-License,
STRM_mission_marker_license2,Handgun/SMG-License,
STRM_mission_marker_license3,Sniper/MG-License,
STRM_mission_marker_license4,Boat License,
STRM_mission_marker_license_airport,Air License,
STRM_mission_marker_license5,Trucker/Oil License,
STRM_mission_marker_university,Uni & Training,
STRM_mission_marker_Alcohol,Alcohol/Tobacco License,
STRS_item_addinfo_keine,none,
STRS_item_hideout,Hideout,
STRS_item_hideout_info,A Hideout. Use it outside the cities to place it. At the flag,
STRS_inventar_hideout_wrongplace,You are too close to a city so you can't build your hideout here.,
STRS_inventar_no_money_hideout,You can't afford the hideout.,
STRS_inventar_bought_hideout,"%1, you built a Hideout here.",
STRS_variablen_hideout_small,Small Hideout,
STRS_variablen_hideout_middle,Medium Hideout,
STRS_variablen_hideout_large,Large Hideout,
STRS_variablen_hideout_addon_firstaid,First Aid,
STRS_variablen_hideout_addon_teleporter,Teleporter,
STRS_variablen_hideout_addon_banking,Internet Banking,
STRS_hideoutheal_nouse,You are not injured.,
STRS_hideoutheal_use,You are healing yourself,
STRS_hideoutheal_used,Your wounds are now healed.,
STRS_hideoutaddons_nobuy,You can't afford this add-on.,
STRS_hideoutaddons_buy,You bought that hideout add-on for $%1.,
STRS_hideoutaddons_repaired,You repaired your hideout.,
STRS_hideoutaddons_norepair,You can't repair your hideout because it is not damaged.,
STRS_hideoutaction_nobuy,You can't afford that hideout.,
STRS_hideoutaction_already,You already own a hideout.,
STRS_hideoutaction_info,You bought a hideout. It is now available in your inventory (Place it by selecting it in the inventory and click use. Note: You can't place the hideout inside towns.),
STRS_hideout_flagowner,The owner of this hideout is %1,
STRS_hideout_locked_entered,%1 has entered your hideout.,
STRS_hideout_locked,Hideout locked.,
STRS_hideout_unlocked,Hideout unlocked.,
STRS_hideout_marker,Your Hideout,
STRS_item_alreadygothideout,You already have a hideout.,
STRS_item_versicherung,Bank Insurance,
STRS_item_versicherung_info,You can't lose any money when the bank is robbed while having this item in your inventory. Each time the bank gets robbed one insurance item will be removed.,
STRS_item_impound,Impound Vehicle Ticket,
STRS_item_impound_info,With this ticket you can impound a vehicle,
STRS_inv_item_ziptie_info,Use this to restrain people while they are stunned.,
STRS_inventar_impound_zuweit,There is no vehicle here,
STRS_inventar_impound_gesehen,%2(%1) has impounded vehicle (%3)!,
STRS_inventar_impound_already,You cant impound your own vehicle!!.,
STRS_inventar_impound_success,You have impounded this vehicle!,
STRS_inventar_impound_noluck,You have failed to impound this vehicle,
STRS_item_lockpick,Lock Pick,
STRS_item_lockpick_info,With this device you can steal other vehicles and acquire the keys.,
STRS_inventar_lockpick_zuweit,No vehicle close enough.,
STRS_inventar_lockpick_gesehen,%1 was seen stealing a vehicle (registration plate: %2)!,
//STRS_inventar_lockpick_gesehen,%1(%2) was seen stealing a vehicle (registration plate: %3)!,
STRS_inventar_lockpick_already,you already own this vehicle.,
STRS_inventar_lockpick_success,You got this vehicle!,
STRS_inventar_lockpick_noluck,The lockpick broke.,
STRS_item_holz,Wood,
STRS_item_eisenerz,Iron Ore,
STRS_item_mineraloel,Mineral Oil,
STRS_item_ebauteile,Electronic Components,
STRS_item_silizium,Silicon,
STRS_item_kupfer,Copper,
STRS_item_stahl,Steel,
STRS_item_schwarzpulver,Black Powder,
STRS_item_schwefel,Sulphur,
STRS_item_kohle,Coal,
STRS_item_silver,Silver,
STRS_item_gold,Gold,
STRS_item_Diamond,Diamond,
STRS_item_erdoel,Petroleum,
STRS_item_glas,Glass,
STRS_item_plastik,Plastic,
STRS_item_sand,Sand,
STRS_item_stahlwolle,Steel Wool,
STRS_item_Marihuana_Plant,Used to make drugs,
STRS_item_Bundle_of_Grapes,Used to make wine,
STRS_item_oil,Used to make oil barrels,
STRS_FoodContainer,imported from other countrys,
STRS_WeaponContainer,imported from other countrys,
STRS_MedicalContainer,imported from other countrys,
STRS_SupplyContainer,imported from other countrys,
STRM_verseuchte_zone,Contaminated Zone,
STRS_item_farmitem_info,This item can be used in order to create other items in factories.,
STRS_item_gold_info,This can be used to make gold bricks,
STRS_addaction_gesetz,Change the Law,
STRD_dialogandere_gesetze_header,Change laws (You have to choose a slot in the list below. It may be empty.),
STRD_dialogandere_gesetze_submit,Change!,
STRS_gilde_gesetze_public,Law #%1 has been changed. This is the new Law: %2,
STRS_stunned_enabled,You have been Stunned. Input disabled for a few seconds.,
STRS_stunned_disabled,You recovered.,
STRS_stunned_iamtheone,I stunned %1! ,
STRS_stunned_incap,You Have been incapacitated.\nUse the Animation menu and play the animation -normal- in order to stand up again.,
STRS_alreadygotshop,You already own this building.,
STRS_gotshop,"%1, you bought this building for $%2.",
STRS_cop_inprison,You are in prison for either team-killing cops or firing repeatedly in a restricted area.,
STRS_cop_freeprison,You are free again .,
STRM_mission_marker_fac_weapon,Weapon Factory,
STRM_mission_marker_fac_vehicle,Vehicle Factory,
STRM_mission_marker_fac_item,General Factory,
STRM_mission_marker_fac_res,Resource Factory,
STRM_mission_marker_mine_erz,Iron Ore Mine,
STRM_mission_marker_mine_oel,Oil Well,
STRM_mission_marker_mine_kupfer,Copper Mine,
STRM_mission_marker_mine_holz,Wood,
STRM_mission_marker_mine_sand,Sand,
STRM_mission_marker_mine_silizium,Silicon Mine,
STRM_mission_marker_mine_schwefel,Sulphur Mine,
STRM_mission_marker_mine_kohle,Coal Mine,
STRS_functions_crimelog_msg1,Robbed the bank and stole $%1.,
STRS_functions_crimelog_msg2,Stole money from another civ.,
STRS_functions_crimelog_msg3,Killed another civ.,
STRS_functions_crimelog_msg4,Killed another cop.,
STRS_functions_crimelog_msg5,Was sent to prison.,
STRS_functions_crimelog_msg6,Was released from prison.,
STRS_functions_crimelog_msg7,Escaped from prison.,
STRS_functions_crimelog_msg8,Has died.,
STRS_functions_crimelog_msg9,Paid a ticket of %1.,
STRS_functions_crimelog_msg10,Used a bomb.,
STRS_functions_crimelog_msg11,Had a slave.,
STRS_functions_crimelog_msg13,Was seen stealing %1,
STRS_functions_crimelog_msg14,Was seen attempting to steal,
STRS_functions_crimelog_msg15,Is an Assassin,
STRS_addaction_wahlen,Elect a President,
STRS_addaction_chief,Elect a Chief,
STRS_chief_votedfor,You voted for %1 to be Police Chief. The result will be shown at the end of the current government.,
STRS_chief_nomajor,Currently no Chief of police has been elected.,
STRS_chief_majorstays,The current chief of police stays.,
STRS_chief_new,%1 is now the Police Chief! He was voted with %2 votes.,
STRD_description_wahl_header,Election,
STRD_description_wahl_submit,Elect,
STRS_mayor_new,%1 is now the new President! He won with %2 votes.,
STRS_regierung_votedfor,You voted for %1. The result will be shown at the end of the current government.,
STRS_regierung_nomajor,Currently no President has been elected.,
STRS_regierung_majorstays,The old President stays.,
STRD_description_steuer_header,Change Taxes,
STRD_description_steuer_submit,Change taxes!,
STRS_dialogandere_steuerdialog_itemsteuer,Item tax: %1 Percent,
STRS_dialogandere_steuerdialog_fahrzeugsteuer,Vehicle tax: %1 Percent,
STRS_dialogandere_steuerdialog_magazinsteuer,Weapon Magazine tax: %1 Percent,
STRS_dialogandere_steuerdialog_waffesteuer,Weapon tax: %1 Percent,
STRS_dialogandere_steuerdialog_banksteuer,Bank Transfer tax: %1 Percent,
STRS_addaction_steuern,Change taxes,
STRS_player_not_ingame,Error: Player not in-game.,
STRS_maxmoney,You can't have more than $10000000 in your inventory. Money has been removed.,
STRS_maxbank,You can't have more than $10000000 in your bank. Money has been removed.,
STRS_not_copaction,You are not a cop and can't use this action.,
STRS_no_money,not enough cash.,
STRS_check_inventarmoneh,You have $%1.,
STRS_not_ingame,Selected Player is not in-game.,
STRS_wrong_input,Wrong Input. You are not allowed to use that character (%1).,
STRS_text_zu_lang,The entered text is too long.,
STRS_no_selection,Nothing selected.,
STRS_empty_string,,
STRS_ja,Yes,
STRS_nein,No,
STRS_keine,None,
STRS_keins,Nothing,
STRS_were,were,
STRS_nowere,were not,
STRS_no_valid_number,The value is not a valid number.,
STRD_grafikeinstellungen_header,Settings,
STRD_grafikeinstellungen_header_terrain,Terrain Detail,
STRD_grafikeinstellungen_header_viewdistance,View distance,
STRD_grafikeinstellungen_close,Close,
STRS_inv_kein_moneh,Not enough money.,
STRS_inv_no_valid_number,The value is not a valid number.,
STRS_inv_fac_buy,Buy this factory ($%1),
STRS_inv_fac_mani,Manufacture an item,
STRS_inv_fac_storage,Storage,
STRS_inv_fac_success,Item manufactured!,
STRS_inv_no_selection,You did not select an item.,
STRS_inv_fac_can't_mani_item,You can't manufacture this item.,
STRS_inv_fac_not_enough,You do not have enough items in the storage of this factory.,
STRS_inv_facdialog_menge,%1 (%2x - %3 available),
STRS_inv_description_factory_manifacture,Manufacture (%1x),
STRS_inv_fac_dia_herstellen,M A N U F A C T U R E - I T E M S,
STRS_inv_fac_dia_lager,FUNDS NEEDED - STORAGE,
STRS_inv_actions_itemgather,Gather Item,
STRS_inv_actions_buy,Buy %1 ($%2),
STRS_inv_buylicense_alreadytrue,You already have that License.,
STRS_inv_buylicense_nomoney,You do not have enough money for that license.,
STRS_inv_buylicense_gottraining,You bought a %2 for $%1.,
STRS_inv_buylicense_alreadyfalse,You do not have that License.,
STRS_inv_buylicense_losttraining,You lost your %1.,
STRS_inv_buyitems_get_zuschwer,Your weight reached the maximum capacity. You are not able to carry more objects.,
STRS_inv_buyitems_get_erhalten,You got %1 %2.,
STRS_inv_buyitems_notallowed,You are not allowed to buy this item.,
STRS_inv_can'tUseNow,You can't use the inventory now.,
STRS_inv_inventar_weggeworfen,You dropped the item.,
STRS_inv_inventar_drop_zuwenig,You don't have that many objects to drop.,
STRS_inv_inventar_ablege_verbot,You are not allowed to drop this object.,
STRS_inv_inventar_can'tuse,You can't use this item.,
STRS_inv_inventar_gotfromotherplayer,You got %1 %2 from %3.,
STRS_inv_inventar_can'tdrop,You can not drop an object right now.,
STRS_inv_inventardialog_empty,Your inventory is empty.,
STRS_inv_inventardialog_amount,Amount: %1,
STRS_inv_storage_took,You took %1 of the Item.,
STRS_inv_storage_toomuch,There are not that many items in the storage.,
STRS_inv_storage_dropnotallowed,Not allowed to drop that item in a factory.,
STRS_inv_storage_dropunablesomuch,You are not able to drop that much.,
STRS_inv_storage_dropped,You dropped %1 of the item.,
STRS_inv_storage_can'tdropsomuch,You can't drop that much here.,
STRS_inv_storage_deleted,%1 units of the item deleted.,
STRS_inv_storage_spam,You are still taking/dropping items... wait a few seconds.,
STRS_inv_alreadygotshop,You already own this building.,
STRS_inv_fabrik_dialogheader1,Take Items,
STRS_inv_fabrik_dialogheader2,Store Items,
STRS_inv_storagedialog_take,Take %1 Item(s) (%2kg),
STRS_inv_storagedialog_drop,Drop %1 Item(s) (%2kg),
STRS_inv_shopdialog_money,Money: $%1,
STRS_inv_shopdialog_itemshop,Your current Money: $%1,
STRS_inv_buyitems_maxgewicht,Max weight reached. You can not carry any more items.,
STRS_inv_buyitems_keinmoneh,You do not have enough money.,
STRS_inv_buyitems_gekauft,You bought %1 %2 for $%3,
STRS_inv_buyvehicles_store_in_use,This store is busy at the moment. Please try again later.,
STRS_inv_buyvehicles_buy_car,You bought a %1 for $%2. Please wait 5 seconds until the vehicle spawns.,
STRS_inv_buyvehicles_destroyed,The vehicles is destroyed.,
STRS_inv_buyvehicles_noowner,You are not the owner of this vehicle.,
STRS_inv_buyitems_sell_notenough,You do not have enough items to sell.,
STRS_inv_buyitems_verkauft,You sold %1 %2 for $%3.,
STRS_inv_buyitems_sell_toofar,The vehicle is too far away.,
STRS_inv_buyitems_nolicense,You need a %1 to buy this.,
STRS_inv_buyitems_nolicensecop,You need %1 to buy this.,
STRS_inv_shop_sold,You sold %1 %2 for $%3.,
STRS_inv_shop_vehiclesold,You sold the vehicle for $%1.,
STRD_inv_description_inventar_header,Inventory,
STRD_inv_description_factory_manifacture_header,Factory,
STRD_inv_description_close,Close,
STRD_inv_description_itemmenu_title,Buy Items,
STRD_inv_description_itemmenu_title2,Sell Items,
STRD_inv_description_inventar_use,Use,
STRD_inv_description_buyitem_close,Close,
STRD_inv_description_inventar_drop,Drop,
STRD_inv_description_inventar_schluessel_uebergabe,Give to player,
STRD_inv_description_inventar_item,Item:,
STRD_inv_description_inventar_amount,Amount:,
STRD_inv_description_inventar_addinfo,Additional Information:,
STRD_inv_description_inventar_gewicht,Item Weight single/overall:,
STRS_inv_not_ingame,Selected Player is not in-game.,
STRS_inv_inventar_uebergabe_self,You can't give anything to yourself.,
STRS_inv_inventar_uebergabe_distance,You have to be within at least 20 meters of the selected player.,
STRS_inv_inventar_uebergabe_verbot,You must not give this Item to other players.,
STRS_inv_inventar_uebergabe_zuwenig,You don't have enough to give away that many of the item.,
STRS_inv_inventar_uebergabe_success_self,You gave %1 %2 units of %3.,
STRS_inv_inventar_uebergabe_schluessel_success,You got a key from another player. The Key is now on your Keychain.,
STRS_inv_inventar_uebergabe_schluessel_success_self,You gave the Key for the Vehicle to the selected player (It has been removed from your keychain).,
STRS_item_moneh,Money,
STRS_item_moneh_info,"Buy licenses, vehicles, weapons, drugs and other items! Note that you can not carry more than $999,999.",
STRS_inventar_moneh,You can't use money. If you buy something,
STRS_inv_item_defuser,Defuser,
STRS_inv_item_defuser_info,With this device you can defuse Satchel Charges and Mines.,
STRS_inv_items_defuser_success,Bomb defused.,
STRS_inv_items_defuser_failed,You made a mistake while defusing the bomb and it exploded!,
STRS_inv_items_defuser_nobomb,No Bomb to defuse.,
STRS_inv_item_OilBarrel,Full of oil,
STRS_inv_item_lighter,Lighter,
STRS_inv_item_lighter_info,hmm i wonder if i can use this to set a cars fuel on fire,
STRS_inv_item_repairkit,Repair Kit,
STRS_inv_item_repairkit_info,Use it within a vehicle to repair the vehicle. You have to be the driver,
STRS_inv_item_fuelcut,Fuel line cutter,
STRS_inv_item_fuelcut_info,Use this to empty the cars fuel.,
STRS_inv_item_kanister,Can,
STRS_inv_item_kanister_info,A can. Use it in a car to refuel it.,
STRS_inv_items_ignite_ignite,The fuel is on fire!! GET OUT QUICKLY BEFORE IT EXPLODES!,
STRS_inv_items_repair_refuel_wrongkit,That item is not made for using it on such a large vehicle.,
STRS_inv_items_repair_refuel_notincar,Not in a vehicle,
STRS_inv_items_ignite_ignite_notincar,Not in a vehicle,
STRS_inv_items_repair_refuel_notdriver,You are not the driver,
STRS_inv_items_repair_notneeded,Your vehicle is not damaged,
STRS_inv_items_repair_repaired,You repaired that vehicle,
STRS_inv_items_empty_notneeded,Your vehicle's fuel is already empty,
STRS_inv_items_empty_refueled,You emptied the fuel,
STRS_inv_items_refuel_notneeded,Your vehicle's fuel is already full,
STRS_inv_items_refuel_refueled,You refueled your vehicle,
STRS_inventar_repair_repaired,You repaired this vehicle.,
STRS_inv_items_repair_wrongvcl,You need a large repair kit for this vehicle.,
STRS_inv_item_medikit,Medikit,
STRS_inv_item_medikit_info,The medic kit restores the Health back to 100%. Just use it.,
STRS_inv_items_medikit_nichtverletzt,You are not injured.,
STRS_inv_items_medikit_benutzung,Wait five seconds until you are healed.,
STRS_inv_items_medikit_fertig,You are healed again.,
STRS_inv_item_keychain,Keychain,
STRS_inv_item_schluesselb_info,On this keychain there are keys for all the vehicles you own. Using this object will open a dialog where you can choose the vehicle you want to lock/unlock.,
STRS_inv_items_vehiclelock_closer,You have to be closer to your car!,
STRS_inv_items_vehiclelock_locked,Vehicle locked.,
STRS_inv_items_vehiclelock_unlocked,Vehicle unlocked.,
STRS_inv_items_uebergabe_schluessel_success_self,You gave a copy of the Key for the Vehicle to the selected player.,
STRS_inv_items_uebergabe_schluessel_success,You got key from another player. The Key is now on your Keychain.,
STRS_inv_items_weggeworfen,You dropped the item.,
STRS_inv_item_nitro,Nitro,
STRS_inv_item_nitro_info,Speed-tuning for vehicles. Use this upgrage within a vehicle to install the nitro. Press and hold shift to use the nitro.,
STRS_inv_item_supgrade_info,Use this upgrade in a vehicle to permanently increase its speed. You must be an engineer to install the upgrade. Upgrades do not stack.,
STRS_inv_items_speed_no,You can't tune this car!,
STRS_inv_items_speed_car,You are not inside a vehicle.,
STRS_inv_items_speed_tuned,You tuned this car! Use the action 'Speed' in the car to speed up.,
STRS_inv_items_speed_nodriver,You are not the driver of the vehicle.,
STRS_inv_items_speed_notmoving,The vehicle is not moving.,
STRS_inv_items_speed_nocar,You are not in a vehicle!,
STRS_inv_items_speed_nitroenabled,Nitro enabled,
STRS_inv_items_speed_action,Use Nitro,
STRS_inv_item_waffentascbe,Weapon Bag,
STRS_inv_item_waffentascbe_info,With this Item you can remove a weapon lying on the ground. After usage,
STRS_inv_items_weapondeleted,%1 weapons deleted (Radius 5m).,
STRS_inv_items_itemdeleted,%1 items deleted (Radius 10m).,
STRS_inv_items_weaponcargocleared,Weapon Cargo cleared!,
STRS_inv_item_waffe,Weapon,
STRS_inv_item_waffe_info,A Weapon you holstered. It is in your inventory. To unholster it,
STRS_inv_item_waffe_noholster,You can't holster/unholster the weapon now,
STRS_inv_item_waffe_noweapon,No weapon to hide.,
STRS_inv_item_waffe_weaponHidden,Weapon hidden in Inventory. You can unholster it by using your inventory.,
STRS_inv_item_waffe_weaponHiddenAlready,Weapon hidden in Inventory,
STRS_inv_item_waffe_weaponTakenout,You took the weapon out of the inventory. Maybe you have to switch fire mode to use it.,
STRS_inv_items_ressources,Resources can not be used. You have to deposit them in factories.,
STRS_inv_item_seil,Rope,
STRS_inv_item_seil_info,This Item can only be used in helicopters. With this item it is possible to attach a vehicle to the helicopter. While the attaching,
STRS_inv_item_seil_notinheli,You are not in a helicopter.,
STRS_inv_item_seil_notcloseenough,You are not close enough to a vehicle.,
STRS_inv_item_seil_closetoground,You are too close to the ground.,
STRS_inv_item_seil_action_release,Release Vehicle,
STRS_inv_item_seil_action_released,Vehicle released.,
STRS_inv_item_cocaine,Cocaine,
STRS_inv_item_marijuana,Marijuana,
STRS_inv_item_lsd,LSD,
STRS_inv_item_heroin,Heroin,
STRS_inv_item_alkohol_info,Drink it and get drunk simple as that :),
STRS_inv_item_beer,Beer,
STRS_inv_item_vodka,Vodka,
STRS_inv_item_smirnoff,smirnoff ICE,
STRS_inv_item_wiskey,wiskey,
STRS_inv_item_wine,wine,
STRS_addAction_drugdealerbust," ""Bust Drugdealer""",
STRS_drugdealer_busted_more_money,"You got an additional Paycheck of 10.000$, since some cop busted the drugdealer",
STRS_drugdealer_busted,The Drugdealer was busted!,
STRS_drugdealer_destroyedorbusted,The Drugdealer was either killed or busted!,
STRS_inv_item_drogen_info,Drugs can either be sold at one of the flags or can be used by player. To do so,
STRS_inv_item_druguse_toomany,You can't use that many drugs at the same time.,
STRS_inv_item_druguse_ende,The effects of the drugs diminish.,
STRS_inv_item__info,"A Searchlight. To place it, press use. To remove it, walk up to it and select the corresponding action. It can also be opened and closed via the action menu.",
STRS_inv_item_roadblock,Roadblock,
STRS_inv_item_roadblock_info,"A Roadblock. To place it, press use. To remove it, walk up to it and select the corresponding action.",
STRS_inv_item_bargate_info,"A Bar Gate. To place it, press use. To remove it, walk up to it and select the corresponding action. It can also be opened and closed via the action menu.",
STRS_inv_item_BigbagfenceCorner,Sandbag Wall(corner),
STRS_inv_item_BigbagfenceCorner_info,"A Sandbag Wall (corner). To place it, press use. To remove it, walk up to it and select the corresponding action. It can also be opened and closed via the action menu.",
STRS_inv_item_bigbagfence,Sandbag Wall,
STRS_inv_item_bigbagfence_info,"A Sandbag Wall. To place it, press use. To remove it, walk up to it and select the corresponding action. It can also be opened and closed via the action menu.",
STRS_inv_item_bigbagfenceRound,Sandbag Wall(rounded),
STRS_inv_item_bigbagfenceRound_info,"A Sandbag Wall (round). To place it, press use. To remove it, walk up to it and select the corresponding action. It can also be opened and closed via the action menu.",
STRS_inv_item_bunkersmall,Small Bunker,
STRS_inv_item_bunkersmall_info,"A Bunker. To place it, press use. To remove it, walk up to it and select the corresponding action. It can also be opened and closed via the action menu.",
STRS_inv_item_danger,Danger Sign,
STRS_inv_item_danger_info,"A Danger sign. To place it, press use. To remove it, walk up to it and select the corresponding action. It can also be opened and closed via the action menu.",
STRS_inv_item_roadcone,Road Cone,
STRS_inv_item_roadcone_info," Road Cone. To place it, go into your inventory and press use, to pick it up hover over it.",
STRS_inv_item_factory_info,"Factory. Go  into inventory and press use to place it, to pick it up hover over it.",
STRS_inv_item_officebuilding_info,"Office Building. Go into inventory and press use on the item, to pick it up hover over the item.",
STRS_inv_item_barrack,Barracks building,
STRS_inv_item_barrack_info,"Barrack. Go into your inventory and press use on the item to place it, to pick it up hover over the item.",
STRS_inv_item_smallhouse_info,"Small House. Go into your inventory and press use on the item to place it, to pick it back up hover over it.",
STRS_inv_item_sperre_nomoney,You can't afford a Roadblock.,
STRS_inv_item_sperre_built,You built a Roadblock,
STRS_inv_item_sperre_moved,Please wait a few seconds for the roadblock to be moved.,
STRS_inv_item_sperre_invcl,You can't place a Roadblock inside a vehicle.,
STRS_inv_item_sperre_hiernicht,You can't place the object in this area.,
STRS_inv_item_handy,Mobile phone,
STRS_inv_item_handy_info,Using a mobile phone you can send other players private messages. When you use it,
STRS_inv_item_handy_keinmoneh,You can't afford an SMS.,
STRS_inv_item_handy_gesendet,You sent an SMS to %1.,
STRS_inv_item_handy_nachricht,%2 sent you an SMS: %1,
STRS_inv_item_handy_nichterreicht,%1 does not have a mobile phone. Your message did not reach him.,
STRS_inv_item_handy_leermsg,You can't send an empty message.,
STRS_inv_item_handy_noplayer,The selected player is not in-game.,
STRS_inv_item_handy_text_zu_lang,The Text is too long.,
STRS_inv_item_Weapons,Container full of eastern weapons,
STRS_inv_item_vclammo,Vehicle ammo,
STRS_inv_item_vclammo_info,Ammo for weapons attached to vehicles. Use such a box within vehicles to refill the ammo of the vehicle.,
STRS_inv_item_vclammo_nomg,This vehicle doesn't have a weapon which can be rearmed.,
STRS_inv_item_vclammo_rearmed,You rearmed this vehicle.,
STRS_inv_item_vclammo_novehicle,You are not in a vehicle.,
STRS_inv_item_glue,Glue for sniffing,
STRS_inv_item_objs,Object,
STRS_inv_item_objs_info,Use this item in order to spawn it.,
STRS_inv_item_obj_take,Remove Object,
STRS_inv_item_obj_packed,You have taken this object.,
STRS_inv_item_obj_invcl,You can't place the object while being in a vehicle.,
STRS_inv_item_obj_hiernicht,You can't place this object here.,
STRS_inv_item_obj_bauen,The object will spawn in a few seconds,
STRS_inv_item_obj_toomany,You already placed too many Objects.,
STRS_inv_item_obj_cantpack,You cant remove this! Check your weight?,
STRS_inv_item_fernbombe,Remote Control Car-Bomb,
STRS_inv_item_fernbombe_info,A Car-Bomb. It explodes when you use the remote control.\n\nTo plant the bomb; get in the car,
STRS_inv_item_zeitbombe,Car-Bomb with Timer,
STRS_inv_item_zeitbombe_info,A Car-Bomb. It explodes when the timer reaches 0.\n\nTo plant the bomb,
STRS_inv_item_enginebombe,Ignition Carbomb,
STRS_inv_item_enginebombe_info,"A Car-Bomb. It explodes if the car this bomb is attached to starts the engine.\n\nTo plant the bomb, get in the car, open the inventory, choose the bomb and press >use<. The Bomb is now activated! Other player in the car will be noticed when you place a bomb. To deactivate the bomb, just use the entry from your action menu, you will get the bomb back in your inventory.",
STRS_inv_item_fernzuender,Bomb remote control,
STRS_inv_item_zuender_info,Use it to blow the bomb connected with this control up. Drop it to deactivate the bomb.,
STRS_inv_item_speedbombe,Car-Bomb with Speed activation,
STRS_inv_item_speedbombe_info,"A Car-Bomb. It activates when the player drives faster than the speed you selected, and will explode when he drives slower.\n\nTo plant the bomb, get in the car, open the inventory, choose the bomb and press >use<. In the following dialogue you can configure the bomb! Other player in the car will be noticed when you place a bomb. To deactivate the bomb, just use the entry from your actionmenu, you will get the bomb back in your inventory.",
STRS_inv_item_vehiclebomb_action_deactivate,Deactivate Bomb,
STRS_inv_item_vehiclebomb_action_changetimer,Change Timer,
STRS_inv_item_vehiclebomb_timebombconfig_sec,%1 sec,
STRS_inv_item_vehiclebomb_speedbombconfig_kmh,%1 kph,
STRS_inv_item_vehiclebomb_notinvehicle,You have to be in a vehicle to use the Car-Bomb,
STRS_inv_item_vehiclebomb_legen_gesehen,Watch out! You saw %1 planting a car-Bomb in this vehicle!,
STRS_inv_item_vehiclebomb_notexist,The bomb does not exist.,
STRS_inv_item_vehiclebomb_changed,Remaining Time set to %1 seconds.,
STRS_inv_item_vehiclebomb_defused,Bomb defused.,
STRS_inv_item_vehiclebomb_changetimer,Change Timer,
STRS_inv_item_vehiclebomb_sec,%1 sec,
STRS_inv_item_vehiclebomb_deactivated,Bomb deactivated!,
STRS_inv_item_vehiclebomb_speedbomb_activated,Watch out,
STRS_inv_item_vehiclebomb_planted,You planted a bomb (ID: %1).,
STRS_inv_item_Bottled_water,Water,
STRS_inv_item_drink_info,In your stats you can see how thirsty you are,
STRS_inv_item_Bread,Bread,
STRS_inv_item_fisch,Fish,
STRS_inv_item_sand,Sand,
STRS_inv_item_sand_info,Sand,
STRS_inv_item_getreide,Wheat,
STRS_inv_item_nahrung_info,In your stats you can see how hungry you are. With this you can satisfy you hunger. Just choose how much you want to eat and press >use<. If you reach a hunger of 100 you will die!,
STRS_inv_item_nahrung_gegessen,You ate something and are %1/100 fed.,
STRS_inv_item_nahrung_verhungern,You are starving.,
STRS_inv_item_drink_verthirstn,You are Dehydrated.,
STRS_inv_item_drink_gegessen,You Drank something you are now %1/100 thirsty.,
STRS_inv_item_selbstmordbombe,Suicide Bomb,
STRS_inv_item_selbstmordbombe_info,When you are using this item,
STRS_inv_item_selbstmordbombe_globalmsg,Allah Hu Akbar infidels,
STRS_bank_rob_titlemsg,$$$$WARNING$$$$ Someone is robbing the bank $$$$WARNING$$$$,
STRS_admin_god,An administrator has activated self invincibility!,
STRS_wartime,Opfor has declared war on blufor!,
STRS_wartimeover,Opfor has ceased war with blufor!,
STRS_martiallaw,Blufor has declared martial law in North Takistan all civs are subject to search and detainment!,
STRS_martiallawover,Blufor has ended martial law in North Takistan!,
STRS_admin_ungod,An administrator has deactivated self invincibility!,
STRS_bank_rob_lostnomoney,Because of your bank insurance you lost no money but you lost one bank insurance.,
STRS_bank_rob_lostnomoneyvip,Due to your overseas bank account, You lost no money.
STRS_bank_rob_somemoneylost,The bank has been robbed. You lost $%1 and have $%2 left on your account.,
STRS_bank_rob_allmoneylost,The bank has been robbed. You lost all the money on your account!,
STRS_bank_rob_success,You robbed the bank successfully. Escape before the cops catch you!,
STRS_bank_rob_nosuccess,You escaped too early and didn't get the money!,
STRS_bank_rob_info,You decided to rob the bank. Stay here until you get the money and then get the hell outta here!,
STRS_bank_rob_noweapon,You can't rob the bank without being armed.,
STRS_bank_rob_no,You can't rob the bank at the moment.,
STRS_bank_dialog_inventarmoneh,Money in your Inventory: $%1,
STRS_bank_dialoge_accountmoneh,Money in your Account: $%1,
STRS_bank_dialoge_tax,Incl. Taxes:,
STRS_bank_dialoge_robbsperre,You robbed the bank a few minutes ago. You can not use it for %1 minutes after you robbed it.,
STRS_bank_no_money,You don't have enough money on your account.,
STRS_bank_deposit_other_no,You don't have enough money on your account.,
STRS_bank_deposit_self_no,You don't have enough money on your account to transfer $%1 on the wanted Account.,
STRS_bank_deposit_other_no2,You don't have enough money on your account to transfer $%1 on the wanted Account. Remember that you need enough money on your Account for the additional %2 Percent tax.,
STRS_bank_account_getmoney,You got $%1 from %2 on your Account.,
STRS_bank_deposit_yes,$%1 successfully transferred to the wanted Account. Please note that you had to pay %2 percent taxes for this transfer. So you paid $%3.,
STRS_bank_deposit_self_yes,$%1 transferred to your own account.,
STRS_bank_withdraw_yes,$%1 successfully withdrawn.,
STRS_bank_zinsen,"You got %2 percent extra money from the bank, you now have $%1 in your bank account.",
STRS_bank_no_valid_number,The value is not a valid number.,
STRS_bank_player_not_ingame,Error: Player not in-game.,
STRS_bank_hints_account_balance,You have %1$ on your account.,
STRS_bank_addaction_robb,Rob the Bank,
STRS_bank_addaction_dialog,Bank Menu,
STRS_bank_addaction_balance,Account Balance,
STRD_bank_description_title,Bank,
STRD_bank_description_deposit_transfer,Deposit/Transfer,
STRD_bank_description_selectplayer,Select player:,
STRD_bank_description_steuern,Incl. Taxes:,
STRD_bank_description_bank_withdraw,Withdraw,
STRD_bank_description_submit,Submit,
STRD_bank_description_cancel,Cancel,
STRD_bank_description_withdraw,Withdraw,
STRS_gasstation_bereits_getankt,This vehicle's fuel is already at 100%.,
STRS_gasstation_tanken_vclleft,Stay inside the car while you are refuelling it.,
STRS_gasstation_tanken_vclmoved,You cancelled the Refuel-action by moving your vehicle.,
STRS_gasstation_tanken_money,You don't have enough money to refuel the vehicle completely.,
STRS_gasstation_tanken_finished,The vehicle's fuel is at 100% again!,
STRS_gasstation_tanken_zwischenmsg,Fuel Status: %1 of 100. \n You refuelled 10 litres into your car. If you have enough,
STRS_addaction_buy_gas,Fill up for $%1 per 10 litres,
STRS_invest_action,Invest into buisness,
STRS_invest_nomoney,You do not have enough money.,
STRS_invest_wait,Wait 15 mins for buisness to grow and sell itself,
STRS_invest_lost,"Sorry, no luck this time.",
STRS_invest_winner,"Congratulations, You won $%1!",
STRD_ivnest_title,Investments,
STRD_invest_buyticket,Invest into buisness,
STRD_invest_cancel,Cancel,
STRS_lotto_action,Play Lotto,
STRS_lotto_lost,Sorry, your lottery ticket didn't get drawn this time.
STRS_lotto_winner,Congratulations,
STRS_lotto_nomoney,You do not have enough money.,
STRS_lotto_wait,You will be notified of the lottery results in 30 minutes.,
STRD_lotto_title,Lotto,
STRD_lotto_buyticket,Buy Ticket,
STRD_lotto_cancel,Cancel,
STRS_workplacemission_weapon_alreadyhave,You have already a Weapon delivery job. Get weapon %1,
STRS_workplacemission_weapon_startjob,Get weapon %1,
STRS_workplacemission_weapon_donthave,You do not have a Weapon delivery job,
STRS_workplacemission_weapon_finish,You delivered the weapon %1 and you got $%2.,
STRS_workplacemission_weapon_can'tfinish,You do not have the required weapon (%1). Come back when you have it.,
STRS_workplacemission_weapon_zeitsperre,"You have to wait at least %1 Minutes since your last job to get a new one. ""Du musst mindestenss %1 Minuten warten bis du einen neuen annehmen kannst""",
STRS_workplacemission_addaction_searchjob,Search-Job,
STRS_workplacemission_addaction_searchjob_cancel,Cancel Search-Job,
STRS_workplacemission_delivery_finish,You finished your Delivery Mission and got $%1!,
STRS_workplacemission_deliverymsg_1,Here's a package with some Weapons. Bring it to our client at %1.,
STRS_workplacemission_deliverymsg_2,A Client  at %1 needs this package.,
STRS_workplacemission_deliverymsg_3,Take this USB Stick and bring it to %1.,
STRS_workplacemission_deliverymsg_4,One of our Clients at %1 wants this package.,
STRS_workplacemission_deliverymsg_5,"Here are some documents, deliver them to one of our customers at %1.",
STRS_workplacemission_deliverymsg_6,Here are some new Video games for our Customers at %1.,
STRS_workplacemission_deliverymsg_7,Our Client at %1 requested some external storages. Deliver them.,
STRS_workplacemission_deliverymsg_8,Take this package and deliver it to our Customer at %1.,
STRS_workplacemission_deliverymsg_9,There are some secret documents in this suit-case. Bring them to our Customer at %1.,
STRS_workplacemission_deliverymsg_10,This package is for a customer at %1. Deliver it to him.,
STRS_workplacemission_searchjob_targetreached,You found the object you had to find. Move closer to it in order to finish the job.,
STRS_workplacemission_search_finish,You have found the target and got $%1!,
STRS_workplacemission_searchmsg_1,A car was abandoned in the forest. Find it.,
STRS_workplacemission_searchmsg_2,A blackhawk crashed in the forest. Find it.,
STRS_workplacemission_searchmsg_3,A Ural was abandoned in the forest. Find it.,
STRS_workplacemission_delivery_finishaction,Finish Delivery Mission!,
STRS_workplacemission_search_finishaction,Find this Object!,
STRS_addaction_weaponjob_anfang,Get Weapon delivery job,
STRS_workplacemission_weaponjob_ende,Finish Weapon delivery job,
STRS_workplacemission_already,You already got a Workplace Job.,
STRS_workplacemission_plane_nospace,There is no space in your vehicle for your passengers.,
STRS_workplacemission_taxi_action,Taxi Mission,
STRS_workplacemission_taxi_cancelaction,Finish Taxi Mission,
STRS_workplacemission_taxi_alreadyinuse,"Either you are already doing a Taxi mission, or you cancelled the mission within the last %1 minutes, so you can not do another mission now. ",
STRS_workplacemission_taxi_marker_kunde,Your passenger waits here,
STRS_workplacemission_taxi_marker_ziel,Your passenger wants to go here,
STRS_workplacemission_taxi_begin,A Passenger waits for you. You can see his/her position on the map. Drive around 20 metres near him/her and he/she will board your vehicle automatically.,
STRS_workplacemission_taxi_wannagetin,Your passenger wants to get into your vehicle. Stay here and wait until he has boarded it.,
STRS_workplacemission_taxi_target,Bring him to the position marked on the map!,
STRS_workplacemission_taxi_success,You successfully took your passenger to the target. For this mission you got $%1. You get a new taxi mission within a few seconds.,
STRS_workplacemission_taxi_failure,Either you or your passenger are dead. The Taxi-Mission is cancelled.,
STRS_workplacemission_taxi_canceled,You finished the Taxi Mission.,
STRS_workplacemission_taxi_nospace,There is no space in your vehicle for your passenger.,
STRS_rennen_kein_vehicle,You have to be the driver of the vehicle.,
STRS_rennen_already_racemember,You have already joined the race.,
STRS_rennen_kein_fahrer,You have to be the driver of the vehicle.,
STRS_rennen_falsches_vcl,You are not allowed to join the race with this car!,
STRS_rennen_hat_angefangen,The race has already started.,
STRS_rennen_no_racemoney,You can't afford this.,
STRS_rennen_joinedrace,You joined the race.,
STRS_rennen_tot,You are dead and left the race.,
STRS_rennen_vcltot,Your vehicle was destroyed and you left the race.,
STRS_rennen_zuende,The race has finished.,
STRS_rennen_pub_start1,A Street Race will start in 60 seconds.,
STRS_rennen_pub_start2,The race started. %1 players are fighting for $%2.,
STRS_rennen_pub_ausgeschlossen,You were too far away from the starting position of the race. You have been removed from the race.,
STRS_rennen_pub_record,Winners Time: %1!!!,
STRS_rennen_pub_gewinnermeldung,The street race ended. The winner is %1 who drove the whole Race in %2 seconds! %3,
STRS_rennen_pub_gewinner,You won the street race and got $%1,
STRS_rennen_pub_abort,The race was cancelled.,
STRS_Drugs_Plant_Marijuana,You planted some Marijuana.,
STRS_action_Drugs_MarijuanaBurn,Burn Marijuana,
STRS_Drugs_Marijuana_NearlyReady,150 seconds till Marijuana ready.,
STRS_action_Drugs_MarijuanaHarvest,Harvest Marijuana.,
STRS_Drugs_Marijuana_Ready,Marijuana plant ready to harvest!,
,,
STRS_mainmenu_MissionTutorial,"In this small Tutorial we will explain the basic aspects of the mission. For more information visit Zargabad Life topic on the BI forums or have a look at the briefing.\n\n
	- Money, Items and the Inventory:\n
	Money is one of the important things in Takistan Life. While cops receive their normal paychecks after some time, civs have to work for their money. 
	Legal ways to earn money are staying in one of the workplaces, buy some workers
	Illegal ways to earn money are robbing the bank, dealing with drugs or robbing other players. More information about ways to earn money can be found in the briefing. 
	Money and all the other items will be stored in your own inventory. You can open it by using the corespondending entry in your action menu. Items can be used, deleted or given to other players. Information about the items can be seen in the inventory.
	All shops where you can buy and sell items are marked on the map (Items are Vehicles, Weapons and other Objects such as repair kits...). Keep in mind that you have to buy a license for weapons and some other items before you are able to buy them. 
	When you die you lose you whole inventory. In order to save your money and items you can store them in your bank account, at your hideout or other storages. 
	If you lose your connection your account is saved on the server so you keep your money after a reconnect. Licenses are also saved. ,
	Note that all saved information is lost when the server restarts or changes the map.\n\n,
	- A word on weapons and vehicles:\n,
	You should always holster your weapons by using the animation menu which can be found in your action menu. By carrying unholstered weapons cops will see you as a threat and attack you. ,
	Using a vehicle you should always make sure that you are driving on the right side of the road and watch out for police checkpoints. Note that you vehicle can be locked using the action entry or the keychain in you inventory. \n\n,
	- Getting started:\n,
	As a cop you should always communicate with the other people. Warn before you shoot and try to stun instead of kill civilians. The first thing you should do is to get a stun gun, other weapons and a vehicle. 
	As a civ you are very low on money. You should buy a drivers license and a small vehicle in order to drive to a work place and do some jobs or stay there for a while. When having enough money you can buy workplaces, shops or other things to get some income.",
,,
STRS_mainmenu_AboutThisMission,About this mission:\n,
"	The original scripts are from saharni life handed down from Pogomon. The port was done by EddieV", Additional scripting after the original port done by Gman and S.W.A.T.,
,,
STRS_mainmenu_FAQ,Frequently Asked Questions:\n,
"	Where can I find information on Takistan? Go to http://tlx-gaming.enjin.com",,
,,
STRD_mainmenu_description_close,Close,
STRD_cam_description_header,Free cam,
STRD_cam_description_100north,100m North,
STRD_cam_description_100south,100m South,
STRD_cam_description_100west,100m West,
STRD_cam_description_100east,100m East,
STRD_cam_description_halt,Stop,
STRD_cam_description_zoomin,Zoom in,
STRD_cam_description_zoomout,Zoom out,
STRD_cam_description_resetbright,auto. Brightness,
STRD_cam_description_nvgon,NV on,
STRD_cam_description_nvgoff,NV off,
STRS_item_gasmask_info,While the gas mask is in your inventory you are safe from tear gas.,
STRS_item_gasmask,Gas mask,
STRS_object_shop,Drop items into this shop and other players will be able to buy them. Note if you abort the game,
STRS_need_pistol_license,You need a pistol license first!,
STRS_not_enough_money_riflelicense,You do not have enough money.,
STRS_recieved_rifle_license,You got a rifle license,
STRS_veh_pistol,Holster pistol,
